DevType,AISelect,YearsCode,YearsCodePro,CodingActivities,ConvertedCompYearly
qa,no,low,low,codes_as_hobby,low
full_stack,yes,low,low,no_code_as_hobby,low
front_end,yes,medium,low,codes_as_hobby,medium
back_end,no,medium,low,no_code_as_hobby,medium
full_stack,yes,medium,low,codes_as_hobby,low
back_end,plan_to,medium,low,codes_as_hobby,low
full_stack,yes,medium,low,codes_as_hobby,low
full_stack,yes,medium,low,codes_as_hobby,medium
full_stack,plan_to,medium,low,codes_as_hobby,high
full_stack,yes,medium,low,codes_as_hobby,low
back_end,yes,medium,low,codes_as_hobby,low
front_end,no,medium,low,no_code_as_hobby,low
back_end,plan_to,medium,low,no_code_as_hobby,medium
back_end,yes,medium,low,codes_as_hobby,low
front_end,yes,medium,low,no_code_as_hobby,low
full_stack,yes,medium,low,codes_as_hobby,low
applications,plan_to,medium,low,codes_as_hobby,low
qa,plan_to,medium,low,no_code_as_hobby,low
full_stack,no,medium,low,codes_as_hobby,low
back_end,yes,medium,low,codes_as_hobby,high
full_stack,yes,medium,low,codes_as_hobby,low
full_stack,no,medium,low,codes_as_hobby,low
front_end,yes,medium,low,codes_as_hobby,low
full_stack,plan_to,medium,low,codes_as_hobby,low
full_stack,yes,medium,low,codes_as_hobby,low
back_end,no,medium,low,no_code_as_hobby,medium
back_end,plan_to,medium,low,no_code_as_hobby,high
applications,plan_to,medium,low,no_code_as_hobby,medium
back_end,plan_to,medium,low,no_code_as_hobby,low
mobile,no,medium,low,codes_as_hobby,low
full_stack,plan_to,medium,low,no_code_as_hobby,low
full_stack,yes,medium,low,codes_as_hobby,low
full_stack,yes,medium,low,no_code_as_hobby,low
embedded,no,medium,low,codes_as_hobby,low
back_end,plan_to,medium,low,codes_as_hobby,low
full_stack,yes,medium,low,codes_as_hobby,low
full_stack,no,medium,low,codes_as_hobby,low
applications,yes,medium,low,codes_as_hobby,low
embedded,yes,medium,low,codes_as_hobby,low
back_end,plan_to,medium,low,codes_as_hobby,low
full_stack,plan_to,medium,low,codes_as_hobby,low
full_stack,yes,medium,low,codes_as_hobby,low
front_end,no,medium,low,codes_as_hobby,low
front_end,yes,medium,low,no_code_as_hobby,low
full_stack,no,medium,low,no_code_as_hobby,low
full_stack,plan_to,medium,low,codes_as_hobby,low
full_stack,plan_to,medium,low,codes_as_hobby,high
applications,no,medium,low,no_code_as_hobby,low
front_end,yes,medium,low,codes_as_hobby,low
back_end,no,medium,low,no_code_as_hobby,low
full_stack,yes,medium,low,codes_as_hobby,low
back_end,yes,medium,low,codes_as_hobby,high
embedded,plan_to,medium,low,codes_as_hobby,low
full_stack,yes,medium,low,codes_as_hobby,very_high
full_stack,plan_to,medium,low,no_code_as_hobby,low
full_stack,yes,medium,low,codes_as_hobby,medium
full_stack,plan_to,medium,low,codes_as_hobby,low
full_stack,yes,medium,low,codes_as_hobby,low
full_stack,yes,medium,low,codes_as_hobby,medium
full_stack,yes,medium,low,codes_as_hobby,low
back_end,yes,medium,low,codes_as_hobby,low
front_end,no,medium,low,no_code_as_hobby,low
full_stack,yes,medium,low,codes_as_hobby,very_high
front_end,yes,medium,low,codes_as_hobby,low
qa,yes,medium,low,codes_as_hobby,medium
applications,yes,medium,low,codes_as_hobby,very_high
front_end,yes,medium,low,codes_as_hobby,low
full_stack,yes,medium,low,codes_as_hobby,low
full_stack,yes,medium,low,no_code_as_hobby,low
full_stack,plan_to,medium,low,no_code_as_hobby,low
applications,yes,medium,low,codes_as_hobby,high
full_stack,yes,high,low,codes_as_hobby,low
back_end,plan_to,high,low,codes_as_hobby,high
full_stack,yes,high,low,codes_as_hobby,very_high
full_stack,yes,high,low,codes_as_hobby,very_high
back_end,plan_to,high,low,codes_as_hobby,low
applications,no,high,low,codes_as_hobby,low
back_end,yes,high,low,codes_as_hobby,very_high
embedded,plan_to,high,low,no_code_as_hobby,low
full_stack,yes,high,low,codes_as_hobby,very_high
back_end,yes,high,low,codes_as_hobby,medium
full_stack,yes,high,low,codes_as_hobby,low
full_stack,no,high,low,codes_as_hobby,low
back_end,yes,high,low,codes_as_hobby,very_high
full_stack,yes,high,low,codes_as_hobby,low
full_stack,plan_to,high,low,codes_as_hobby,low
full_stack,plan_to,high,low,codes_as_hobby,low
qa,yes,high,low,codes_as_hobby,low
full_stack,yes,medium,medium,codes_as_hobby,medium
qa,yes,medium,medium,codes_as_hobby,medium
full_stack,plan_to,medium,medium,no_code_as_hobby,low
full_stack,plan_to,medium,medium,no_code_as_hobby,low
full_stack,no,medium,medium,no_code_as_hobby,low
full_stack,plan_to,medium,medium,codes_as_hobby,medium
full_stack,yes,medium,medium,codes_as_hobby,low
full_stack,no,medium,medium,codes_as_hobby,high
full_stack,yes,medium,medium,codes_as_hobby,medium
qa,plan_to,medium,medium,codes_as_hobby,low
full_stack,no,medium,medium,codes_as_hobby,high
front_end,plan_to,medium,medium,codes_as_hobby,medium
full_stack,no,medium,medium,codes_as_hobby,low
full_stack,no,medium,medium,no_code_as_hobby,low
back_end,no,medium,medium,codes_as_hobby,low
applications,no,medium,medium,no_code_as_hobby,low
full_stack,plan_to,medium,medium,codes_as_hobby,very_high
back_end,no,medium,medium,codes_as_hobby,high
full_stack,plan_to,medium,medium,codes_as_hobby,low
full_stack,yes,medium,medium,codes_as_hobby,low
full_stack,plan_to,medium,medium,codes_as_hobby,medium
full_stack,yes,medium,medium,codes_as_hobby,high
back_end,yes,medium,medium,codes_as_hobby,very_high
applications,no,medium,medium,codes_as_hobby,medium
back_end,plan_to,medium,medium,no_code_as_hobby,high
back_end,plan_to,medium,medium,codes_as_hobby,medium
full_stack,plan_to,medium,medium,no_code_as_hobby,low
full_stack,no,medium,medium,codes_as_hobby,medium
back_end,no,medium,medium,codes_as_hobby,medium
back_end,yes,medium,medium,no_code_as_hobby,medium
back_end,yes,medium,medium,codes_as_hobby,low
full_stack,no,medium,medium,no_code_as_hobby,low
back_end,plan_to,medium,medium,no_code_as_hobby,very_high
back_end,no,medium,medium,no_code_as_hobby,medium
full_stack,yes,medium,medium,codes_as_hobby,high
full_stack,plan_to,medium,medium,codes_as_hobby,low
full_stack,plan_to,medium,medium,codes_as_hobby,medium
applications,no,medium,medium,codes_as_hobby,low
back_end,yes,medium,medium,no_code_as_hobby,high
full_stack,plan_to,medium,medium,codes_as_hobby,medium
full_stack,yes,medium,medium,codes_as_hobby,high
back_end,yes,medium,medium,no_code_as_hobby,high
full_stack,no,medium,medium,codes_as_hobby,low
front_end,no,medium,medium,codes_as_hobby,medium
back_end,yes,medium,medium,codes_as_hobby,low
back_end,plan_to,medium,medium,no_code_as_hobby,low
back_end,plan_to,medium,medium,no_code_as_hobby,low
full_stack,plan_to,medium,medium,no_code_as_hobby,low
back_end,no,medium,medium,no_code_as_hobby,medium
back_end,yes,medium,medium,no_code_as_hobby,high
back_end,no,medium,medium,codes_as_hobby,very_high
front_end,no,medium,medium,codes_as_hobby,low
back_end,plan_to,medium,medium,codes_as_hobby,high
full_stack,no,medium,medium,codes_as_hobby,low
front_end,no,medium,medium,codes_as_hobby,very_high
full_stack,no,medium,medium,codes_as_hobby,very_high
back_end,plan_to,medium,medium,codes_as_hobby,low
full_stack,plan_to,medium,medium,no_code_as_hobby,medium
applications,no,medium,medium,codes_as_hobby,medium
back_end,plan_to,medium,medium,no_code_as_hobby,high
full_stack,no,medium,medium,no_code_as_hobby,very_high
full_stack,plan_to,medium,medium,no_code_as_hobby,high
full_stack,yes,medium,medium,codes_as_hobby,very_high
back_end,plan_to,medium,medium,codes_as_hobby,medium
full_stack,no,medium,medium,no_code_as_hobby,low
full_stack,plan_to,medium,medium,codes_as_hobby,low
embedded,no,medium,medium,codes_as_hobby,low
front_end,plan_to,medium,medium,no_code_as_hobby,very_high
back_end,yes,medium,medium,codes_as_hobby,medium
full_stack,yes,medium,medium,no_code_as_hobby,medium
mobile,yes,medium,medium,codes_as_hobby,very_high
full_stack,yes,medium,medium,no_code_as_hobby,low
full_stack,yes,medium,medium,codes_as_hobby,low
full_stack,yes,medium,medium,codes_as_hobby,low
embedded,plan_to,medium,medium,codes_as_hobby,low
front_end,yes,medium,medium,codes_as_hobby,low
back_end,plan_to,medium,medium,no_code_as_hobby,high
mobile,yes,medium,medium,no_code_as_hobby,medium
full_stack,plan_to,medium,medium,no_code_as_hobby,medium
full_stack,no,medium,medium,codes_as_hobby,medium
applications,yes,medium,medium,no_code_as_hobby,low
full_stack,yes,medium,medium,codes_as_hobby,medium
full_stack,plan_to,medium,medium,codes_as_hobby,very_high
back_end,plan_to,medium,medium,codes_as_hobby,medium
full_stack,yes,medium,medium,codes_as_hobby,medium
front_end,plan_to,medium,medium,no_code_as_hobby,very_high
full_stack,yes,medium,medium,no_code_as_hobby,medium
applications,plan_to,medium,medium,codes_as_hobby,low
back_end,yes,medium,medium,no_code_as_hobby,very_high
back_end,no,medium,medium,codes_as_hobby,very_high
full_stack,no,medium,medium,codes_as_hobby,medium
applications,yes,medium,medium,codes_as_hobby,high
full_stack,yes,medium,medium,no_code_as_hobby,high
back_end,plan_to,medium,medium,no_code_as_hobby,medium
back_end,yes,medium,medium,codes_as_hobby,high
full_stack,no,medium,medium,codes_as_hobby,medium
full_stack,yes,medium,medium,no_code_as_hobby,medium
back_end,plan_to,medium,medium,no_code_as_hobby,very_high
full_stack,plan_to,medium,medium,codes_as_hobby,high
back_end,no,medium,medium,no_code_as_hobby,high
back_end,plan_to,medium,medium,codes_as_hobby,low
full_stack,no,medium,medium,codes_as_hobby,medium
full_stack,no,medium,medium,no_code_as_hobby,very_high
back_end,no,medium,medium,codes_as_hobby,high
full_stack,plan_to,medium,medium,codes_as_hobby,low
full_stack,yes,medium,medium,codes_as_hobby,medium
mobile,no,medium,medium,no_code_as_hobby,low
full_stack,plan_to,medium,medium,no_code_as_hobby,high
back_end,yes,medium,medium,codes_as_hobby,low
mobile,yes,medium,medium,codes_as_hobby,high
mobile,no,medium,medium,no_code_as_hobby,medium
back_end,plan_to,medium,medium,codes_as_hobby,medium
full_stack,yes,medium,medium,codes_as_hobby,very_high
front_end,yes,medium,medium,no_code_as_hobby,low
back_end,plan_to,medium,medium,codes_as_hobby,very_high
full_stack,yes,medium,medium,codes_as_hobby,high
full_stack,plan_to,medium,medium,codes_as_hobby,low
full_stack,yes,medium,medium,codes_as_hobby,medium
full_stack,no,medium,medium,codes_as_hobby,medium
full_stack,no,medium,medium,no_code_as_hobby,low
full_stack,yes,medium,medium,codes_as_hobby,low
full_stack,yes,medium,medium,codes_as_hobby,very_high
front_end,no,medium,medium,no_code_as_hobby,high
back_end,no,medium,medium,no_code_as_hobby,very_high
front_end,no,medium,medium,codes_as_hobby,very_high
full_stack,plan_to,medium,medium,no_code_as_hobby,low
full_stack,yes,medium,medium,codes_as_hobby,medium
full_stack,no,medium,medium,no_code_as_hobby,low
full_stack,yes,medium,medium,no_code_as_hobby,medium
front_end,plan_to,medium,medium,codes_as_hobby,very_high
front_end,yes,medium,medium,no_code_as_hobby,low
full_stack,no,medium,medium,codes_as_hobby,low
back_end,no,medium,medium,codes_as_hobby,low
back_end,no,medium,medium,codes_as_hobby,very_high
front_end,plan_to,medium,medium,no_code_as_hobby,low
full_stack,yes,medium,medium,no_code_as_hobby,very_high
front_end,plan_to,medium,medium,no_code_as_hobby,high
front_end,plan_to,medium,medium,no_code_as_hobby,high
full_stack,no,medium,medium,no_code_as_hobby,low
full_stack,no,medium,medium,codes_as_hobby,medium
back_end,yes,medium,medium,codes_as_hobby,very_high
full_stack,yes,medium,medium,codes_as_hobby,very_high
full_stack,yes,medium,medium,no_code_as_hobby,low
full_stack,plan_to,medium,medium,codes_as_hobby,low
full_stack,no,medium,medium,no_code_as_hobby,medium
full_stack,yes,medium,medium,codes_as_hobby,low
full_stack,yes,medium,medium,codes_as_hobby,low
front_end,plan_to,medium,medium,codes_as_hobby,medium
full_stack,no,medium,medium,codes_as_hobby,low
full_stack,yes,medium,medium,codes_as_hobby,medium
back_end,yes,medium,medium,codes_as_hobby,high
experience,plan_to,medium,medium,no_code_as_hobby,very_high
full_stack,yes,medium,medium,codes_as_hobby,medium
full_stack,yes,medium,medium,codes_as_hobby,low
full_stack,yes,medium,medium,no_code_as_hobby,high
full_stack,no,medium,medium,codes_as_hobby,medium
applications,no,medium,medium,no_code_as_hobby,low
back_end,yes,medium,medium,codes_as_hobby,medium
experience,yes,medium,medium,codes_as_hobby,high
front_end,yes,medium,medium,codes_as_hobby,low
back_end,yes,medium,medium,codes_as_hobby,low
back_end,yes,medium,medium,no_code_as_hobby,medium
front_end,plan_to,medium,medium,codes_as_hobby,high
full_stack,plan_to,medium,medium,codes_as_hobby,medium
full_stack,yes,medium,medium,codes_as_hobby,low
embedded,no,medium,medium,codes_as_hobby,low
full_stack,yes,medium,medium,codes_as_hobby,low
full_stack,yes,medium,medium,codes_as_hobby,high
back_end,no,medium,medium,no_code_as_hobby,medium
back_end,yes,medium,medium,no_code_as_hobby,high
back_end,plan_to,medium,medium,no_code_as_hobby,high
full_stack,no,medium,medium,codes_as_hobby,medium
back_end,plan_to,medium,medium,no_code_as_hobby,very_high
full_stack,no,medium,medium,no_code_as_hobby,low
back_end,yes,medium,medium,codes_as_hobby,medium
full_stack,yes,medium,medium,codes_as_hobby,medium
applications,no,medium,medium,codes_as_hobby,medium
full_stack,yes,medium,medium,codes_as_hobby,low
full_stack,plan_to,medium,medium,no_code_as_hobby,low
full_stack,plan_to,medium,medium,codes_as_hobby,low
back_end,no,medium,medium,no_code_as_hobby,very_high
full_stack,no,medium,medium,no_code_as_hobby,very_high
full_stack,no,medium,medium,codes_as_hobby,low
front_end,yes,medium,medium,codes_as_hobby,medium
advocate,yes,medium,medium,codes_as_hobby,high
full_stack,yes,medium,medium,no_code_as_hobby,low
full_stack,plan_to,medium,medium,no_code_as_hobby,low
full_stack,yes,medium,medium,codes_as_hobby,medium
applications,yes,medium,medium,no_code_as_hobby,low
full_stack,yes,medium,medium,codes_as_hobby,medium
front_end,no,medium,medium,no_code_as_hobby,medium
back_end,plan_to,medium,medium,codes_as_hobby,medium
full_stack,plan_to,medium,medium,codes_as_hobby,very_high
full_stack,yes,medium,medium,no_code_as_hobby,very_high
back_end,plan_to,medium,medium,no_code_as_hobby,very_high
back_end,yes,medium,medium,codes_as_hobby,very_high
full_stack,yes,medium,medium,codes_as_hobby,high
back_end,no,medium,medium,codes_as_hobby,medium
front_end,plan_to,medium,medium,no_code_as_hobby,low
back_end,no,medium,medium,codes_as_hobby,low
front_end,no,medium,medium,codes_as_hobby,low
applications,plan_to,medium,medium,no_code_as_hobby,medium
full_stack,yes,medium,medium,no_code_as_hobby,medium
back_end,yes,medium,medium,codes_as_hobby,high
full_stack,plan_to,medium,medium,no_code_as_hobby,very_high
full_stack,no,high,medium,no_code_as_hobby,very_high
full_stack,plan_to,high,medium,codes_as_hobby,medium
full_stack,no,high,medium,codes_as_hobby,medium
mobile,yes,high,medium,codes_as_hobby,medium
full_stack,plan_to,high,medium,codes_as_hobby,medium
full_stack,no,high,medium,codes_as_hobby,high
applications,no,high,medium,codes_as_hobby,very_high
embedded,no,high,medium,codes_as_hobby,high
full_stack,yes,high,medium,no_code_as_hobby,very_high
embedded,yes,high,medium,codes_as_hobby,very_high
back_end,yes,high,medium,codes_as_hobby,very_high
back_end,yes,high,medium,codes_as_hobby,very_high
front_end,yes,high,medium,no_code_as_hobby,low
full_stack,no,high,medium,no_code_as_hobby,low
full_stack,no,high,medium,no_code_as_hobby,high
back_end,yes,high,medium,codes_as_hobby,medium
full_stack,plan_to,high,medium,codes_as_hobby,medium
full_stack,plan_to,high,medium,no_code_as_hobby,very_high
full_stack,plan_to,high,medium,no_code_as_hobby,low
back_end,no,high,medium,codes_as_hobby,low
front_end,no,high,medium,codes_as_hobby,medium
full_stack,no,high,medium,codes_as_hobby,low
back_end,plan_to,high,medium,codes_as_hobby,very_high
full_stack,plan_to,high,medium,codes_as_hobby,low
full_stack,no,high,medium,codes_as_hobby,low
back_end,no,high,medium,codes_as_hobby,high
game_graphics,no,high,medium,codes_as_hobby,high
full_stack,no,high,medium,codes_as_hobby,medium
full_stack,plan_to,high,medium,codes_as_hobby,medium
front_end,no,high,medium,no_code_as_hobby,medium
full_stack,no,high,medium,codes_as_hobby,very_high
full_stack,plan_to,high,medium,codes_as_hobby,low
full_stack,yes,high,medium,codes_as_hobby,medium
full_stack,plan_to,high,medium,codes_as_hobby,very_high
full_stack,yes,high,medium,codes_as_hobby,low
applications,yes,high,medium,codes_as_hobby,low
game_graphics,no,high,medium,codes_as_hobby,very_high
full_stack,yes,high,medium,codes_as_hobby,medium
embedded,no,high,medium,codes_as_hobby,medium
back_end,yes,high,medium,codes_as_hobby,very_high
back_end,yes,high,medium,codes_as_hobby,very_high
full_stack,no,high,medium,codes_as_hobby,high
full_stack,yes,high,medium,no_code_as_hobby,very_high
back_end,no,high,medium,codes_as_hobby,very_high
back_end,no,high,medium,codes_as_hobby,very_high
full_stack,yes,high,medium,no_code_as_hobby,very_high
full_stack,plan_to,high,medium,codes_as_hobby,low
front_end,yes,high,medium,codes_as_hobby,high
full_stack,yes,high,medium,no_code_as_hobby,medium
full_stack,no,high,medium,codes_as_hobby,low
back_end,no,high,medium,codes_as_hobby,low
full_stack,no,high,medium,no_code_as_hobby,medium
back_end,plan_to,high,medium,no_code_as_hobby,very_high
full_stack,yes,high,medium,codes_as_hobby,high
front_end,plan_to,high,medium,codes_as_hobby,high
back_end,yes,high,medium,codes_as_hobby,high
back_end,no,high,medium,codes_as_hobby,low
front_end,no,high,medium,codes_as_hobby,high
game_graphics,no,high,medium,codes_as_hobby,high
experience,plan_to,high,medium,codes_as_hobby,low
back_end,plan_to,high,medium,codes_as_hobby,very_high
full_stack,no,high,medium,codes_as_hobby,medium
applications,yes,high,medium,codes_as_hobby,high
front_end,no,high,medium,codes_as_hobby,low
full_stack,no,high,medium,codes_as_hobby,low
full_stack,yes,high,medium,codes_as_hobby,medium
full_stack,yes,high,medium,codes_as_hobby,medium
full_stack,yes,high,medium,codes_as_hobby,very_high
full_stack,plan_to,high,medium,codes_as_hobby,high
back_end,plan_to,high,medium,codes_as_hobby,low
full_stack,no,high,medium,codes_as_hobby,high
back_end,no,high,medium,codes_as_hobby,medium
mobile,no,high,medium,codes_as_hobby,very_high
front_end,yes,high,medium,no_code_as_hobby,very_high
full_stack,no,high,medium,no_code_as_hobby,very_high
back_end,no,high,medium,codes_as_hobby,medium
back_end,plan_to,high,medium,codes_as_hobby,high
back_end,no,high,medium,codes_as_hobby,low
full_stack,plan_to,high,medium,codes_as_hobby,high
full_stack,plan_to,high,medium,codes_as_hobby,medium
back_end,plan_to,high,medium,no_code_as_hobby,very_high
embedded,yes,high,medium,codes_as_hobby,low
full_stack,no,high,medium,codes_as_hobby,high
mobile,no,high,medium,codes_as_hobby,high
back_end,plan_to,high,medium,codes_as_hobby,medium
full_stack,no,high,medium,codes_as_hobby,high
embedded,plan_to,high,medium,codes_as_hobby,low
full_stack,plan_to,high,medium,no_code_as_hobby,very_high
full_stack,yes,high,medium,no_code_as_hobby,high
applications,no,high,medium,codes_as_hobby,medium
full_stack,no,high,medium,codes_as_hobby,high
full_stack,no,high,medium,codes_as_hobby,high
full_stack,no,high,medium,no_code_as_hobby,low
back_end,no,high,medium,codes_as_hobby,high
applications,yes,high,medium,codes_as_hobby,medium
back_end,yes,high,medium,codes_as_hobby,medium
experience,plan_to,high,medium,codes_as_hobby,very_high
applications,plan_to,high,medium,codes_as_hobby,medium
full_stack,plan_to,high,medium,codes_as_hobby,very_high
full_stack,no,high,medium,no_code_as_hobby,high
back_end,no,high,medium,no_code_as_hobby,very_high
full_stack,plan_to,high,medium,codes_as_hobby,high
full_stack,no,high,medium,codes_as_hobby,low
back_end,no,high,medium,codes_as_hobby,very_high
embedded,yes,high,medium,codes_as_hobby,low
full_stack,yes,high,medium,codes_as_hobby,medium
full_stack,plan_to,high,medium,codes_as_hobby,high
back_end,yes,high,medium,codes_as_hobby,medium
full_stack,no,high,medium,codes_as_hobby,very_high
full_stack,plan_to,high,medium,codes_as_hobby,low
back_end,yes,high,medium,codes_as_hobby,high
embedded,no,high,medium,no_code_as_hobby,medium
back_end,no,high,medium,no_code_as_hobby,very_high
qa,yes,high,medium,codes_as_hobby,high
experience,no,high,medium,codes_as_hobby,very_high
back_end,no,high,medium,no_code_as_hobby,very_high
full_stack,yes,high,medium,codes_as_hobby,high
full_stack,plan_to,high,medium,codes_as_hobby,low
applications,no,high,medium,codes_as_hobby,low
full_stack,no,high,medium,codes_as_hobby,low
back_end,no,high,medium,no_code_as_hobby,high
full_stack,no,high,medium,codes_as_hobby,medium
full_stack,yes,high,medium,codes_as_hobby,medium
back_end,plan_to,high,medium,no_code_as_hobby,medium
full_stack,no,high,medium,codes_as_hobby,medium
full_stack,no,high,medium,no_code_as_hobby,high
qa,no,high,medium,codes_as_hobby,high
back_end,no,high,medium,no_code_as_hobby,very_high
full_stack,no,high,medium,codes_as_hobby,high
full_stack,no,high,medium,codes_as_hobby,medium
applications,no,high,medium,no_code_as_hobby,low
full_stack,no,high,medium,codes_as_hobby,very_high
applications,yes,high,medium,no_code_as_hobby,very_high
back_end,yes,high,medium,no_code_as_hobby,very_high
front_end,yes,high,medium,codes_as_hobby,medium
full_stack,plan_to,high,medium,codes_as_hobby,very_high
back_end,no,high,medium,codes_as_hobby,low
full_stack,yes,high,medium,codes_as_hobby,low
back_end,plan_to,high,medium,codes_as_hobby,medium
front_end,no,high,medium,no_code_as_hobby,low
embedded,yes,high,medium,codes_as_hobby,medium
back_end,no,high,medium,codes_as_hobby,low
applications,yes,high,medium,codes_as_hobby,low
full_stack,yes,high,medium,codes_as_hobby,low
mobile,plan_to,high,medium,codes_as_hobby,very_high
full_stack,no,high,medium,no_code_as_hobby,high
back_end,no,high,medium,codes_as_hobby,very_high
front_end,no,high,medium,no_code_as_hobby,low
full_stack,yes,high,medium,codes_as_hobby,low
full_stack,yes,high,medium,codes_as_hobby,medium
full_stack,yes,high,medium,codes_as_hobby,low
full_stack,no,high,medium,no_code_as_hobby,medium
back_end,yes,high,medium,codes_as_hobby,medium
applications,no,high,medium,codes_as_hobby,low
game_graphics,no,high,medium,codes_as_hobby,low
applications,plan_to,high,medium,codes_as_hobby,very_high
full_stack,no,high,medium,no_code_as_hobby,medium
full_stack,yes,high,medium,codes_as_hobby,very_high
applications,yes,high,medium,codes_as_hobby,low
back_end,no,high,medium,codes_as_hobby,very_high
full_stack,no,high,medium,no_code_as_hobby,very_high
mobile,yes,high,medium,codes_as_hobby,very_high
back_end,no,high,medium,no_code_as_hobby,medium
advocate,plan_to,high,medium,codes_as_hobby,low
full_stack,plan_to,high,medium,codes_as_hobby,high
full_stack,yes,high,medium,no_code_as_hobby,low
back_end,no,high,medium,no_code_as_hobby,medium
back_end,yes,high,medium,codes_as_hobby,very_high
front_end,no,high,medium,no_code_as_hobby,medium
full_stack,no,high,medium,no_code_as_hobby,low
back_end,plan_to,high,medium,no_code_as_hobby,low
experience,plan_to,high,medium,codes_as_hobby,high
full_stack,no,high,medium,no_code_as_hobby,very_high
back_end,yes,high,medium,codes_as_hobby,high
applications,plan_to,high,medium,codes_as_hobby,very_high
full_stack,yes,high,medium,codes_as_hobby,low
game_graphics,plan_to,high,medium,codes_as_hobby,medium
full_stack,yes,high,medium,codes_as_hobby,high
game_graphics,plan_to,high,medium,codes_as_hobby,very_high
applications,no,high,medium,codes_as_hobby,medium
back_end,no,high,medium,codes_as_hobby,very_high
back_end,no,high,medium,no_code_as_hobby,medium
full_stack,no,high,medium,no_code_as_hobby,low
full_stack,plan_to,high,medium,codes_as_hobby,medium
back_end,plan_to,high,medium,codes_as_hobby,medium
full_stack,yes,high,medium,codes_as_hobby,very_high
full_stack,yes,high,medium,codes_as_hobby,high
game_graphics,no,high,medium,codes_as_hobby,high
full_stack,yes,high,medium,codes_as_hobby,very_high
full_stack,yes,high,medium,codes_as_hobby,high
full_stack,yes,high,medium,codes_as_hobby,very_high
full_stack,no,high,medium,codes_as_hobby,very_high
full_stack,plan_to,high,medium,codes_as_hobby,high
full_stack,plan_to,high,medium,codes_as_hobby,low
full_stack,yes,high,medium,codes_as_hobby,high
back_end,yes,high,medium,no_code_as_hobby,high
front_end,yes,high,medium,codes_as_hobby,medium
mobile,plan_to,high,medium,no_code_as_hobby,very_high
full_stack,yes,high,medium,no_code_as_hobby,low
embedded,plan_to,high,medium,codes_as_hobby,medium
front_end,plan_to,high,medium,codes_as_hobby,medium
back_end,yes,high,medium,codes_as_hobby,high
back_end,yes,high,medium,codes_as_hobby,medium
full_stack,yes,high,medium,no_code_as_hobby,medium
back_end,no,high,medium,codes_as_hobby,medium
full_stack,no,high,medium,codes_as_hobby,medium
back_end,yes,high,medium,codes_as_hobby,high
back_end,yes,high,medium,codes_as_hobby,high
embedded,plan_to,high,medium,codes_as_hobby,medium
applications,yes,high,medium,codes_as_hobby,low
back_end,no,high,medium,codes_as_hobby,medium
full_stack,yes,high,medium,no_code_as_hobby,medium
full_stack,yes,high,medium,codes_as_hobby,high
back_end,no,high,medium,no_code_as_hobby,very_high
full_stack,yes,high,medium,codes_as_hobby,low
full_stack,yes,high,medium,codes_as_hobby,low
full_stack,yes,high,medium,codes_as_hobby,high
front_end,yes,high,high,codes_as_hobby,high
mobile,no,high,high,codes_as_hobby,medium
back_end,no,high,high,codes_as_hobby,high
front_end,no,high,high,codes_as_hobby,medium
mobile,no,high,high,no_code_as_hobby,medium
back_end,no,high,high,codes_as_hobby,very_high
full_stack,plan_to,high,high,codes_as_hobby,medium
mobile,plan_to,high,high,codes_as_hobby,medium
back_end,plan_to,high,high,no_code_as_hobby,very_high
applications,no,high,high,codes_as_hobby,medium
back_end,plan_to,high,high,codes_as_hobby,high
back_end,plan_to,high,high,codes_as_hobby,high
back_end,plan_to,high,high,codes_as_hobby,very_high
back_end,plan_to,high,high,codes_as_hobby,high
mobile,no,high,high,codes_as_hobby,very_high
full_stack,plan_to,high,high,codes_as_hobby,very_high
full_stack,plan_to,high,high,codes_as_hobby,very_high
full_stack,no,high,high,no_code_as_hobby,high
back_end,plan_to,high,high,codes_as_hobby,very_high
full_stack,plan_to,high,high,codes_as_hobby,very_high
full_stack,no,high,high,codes_as_hobby,low
advocate,plan_to,high,high,no_code_as_hobby,medium
applications,no,high,high,codes_as_hobby,very_high
full_stack,plan_to,high,high,codes_as_hobby,high
embedded,no,high,high,codes_as_hobby,very_high
back_end,yes,high,high,codes_as_hobby,low
full_stack,plan_to,high,high,codes_as_hobby,medium
advocate,yes,high,high,codes_as_hobby,very_high
embedded,no,high,high,codes_as_hobby,high
back_end,no,high,high,no_code_as_hobby,very_high
embedded,no,high,high,codes_as_hobby,very_high
full_stack,no,high,high,no_code_as_hobby,low
full_stack,yes,high,high,no_code_as_hobby,medium
applications,no,high,high,codes_as_hobby,very_high
full_stack,no,high,high,codes_as_hobby,medium
back_end,no,high,high,codes_as_hobby,very_high
full_stack,no,high,high,codes_as_hobby,medium
full_stack,no,high,high,codes_as_hobby,very_high
full_stack,yes,high,high,codes_as_hobby,low
full_stack,plan_to,high,high,codes_as_hobby,high
applications,no,high,high,codes_as_hobby,high
full_stack,yes,high,high,codes_as_hobby,very_high
back_end,no,high,high,codes_as_hobby,very_high
full_stack,plan_to,high,high,codes_as_hobby,very_high
qa,no,high,high,no_code_as_hobby,low
front_end,plan_to,high,high,codes_as_hobby,very_high
embedded,no,high,high,no_code_as_hobby,high
back_end,no,high,high,no_code_as_hobby,low
full_stack,no,high,high,codes_as_hobby,medium
embedded,no,high,high,codes_as_hobby,high
full_stack,no,high,high,codes_as_hobby,medium
full_stack,plan_to,high,high,codes_as_hobby,low
back_end,plan_to,high,high,codes_as_hobby,very_high
front_end,no,high,high,codes_as_hobby,very_high
mobile,yes,high,high,codes_as_hobby,high
full_stack,no,high,high,codes_as_hobby,very_high
back_end,no,high,high,codes_as_hobby,very_high
back_end,plan_to,high,high,codes_as_hobby,high
applications,no,high,high,codes_as_hobby,very_high
full_stack,no,high,high,no_code_as_hobby,very_high
qa,yes,high,high,codes_as_hobby,high
full_stack,plan_to,high,high,codes_as_hobby,medium
embedded,yes,high,high,codes_as_hobby,very_high
back_end,no,high,high,codes_as_hobby,high
back_end,yes,high,high,codes_as_hobby,very_high
applications,plan_to,high,high,codes_as_hobby,medium
full_stack,yes,high,high,no_code_as_hobby,high
full_stack,no,high,high,no_code_as_hobby,very_high
full_stack,plan_to,high,high,codes_as_hobby,very_high
full_stack,yes,high,high,codes_as_hobby,high
full_stack,yes,high,high,codes_as_hobby,high
full_stack,plan_to,high,high,codes_as_hobby,very_high
front_end,no,high,high,codes_as_hobby,high
back_end,no,high,high,codes_as_hobby,very_high
full_stack,no,high,high,no_code_as_hobby,very_high
full_stack,no,high,high,codes_as_hobby,very_high
game_graphics,plan_to,high,high,codes_as_hobby,high
back_end,yes,high,high,codes_as_hobby,very_high
full_stack,no,high,high,codes_as_hobby,low
experience,yes,high,high,codes_as_hobby,high
advocate,yes,high,high,codes_as_hobby,very_high
full_stack,yes,high,high,codes_as_hobby,low
front_end,yes,high,high,no_code_as_hobby,medium
back_end,no,high,high,codes_as_hobby,very_high
back_end,no,high,high,no_code_as_hobby,high
embedded,no,high,high,no_code_as_hobby,medium
back_end,plan_to,high,high,codes_as_hobby,high
applications,no,high,high,codes_as_hobby,low
back_end,no,high,high,codes_as_hobby,low
full_stack,no,high,high,codes_as_hobby,low
embedded,plan_to,high,high,codes_as_hobby,high
full_stack,no,high,high,codes_as_hobby,high
full_stack,yes,high,high,codes_as_hobby,low
qa,yes,high,high,codes_as_hobby,medium
full_stack,no,high,high,no_code_as_hobby,high
experience,yes,high,high,codes_as_hobby,very_high
full_stack,plan_to,high,high,no_code_as_hobby,medium
back_end,plan_to,high,high,codes_as_hobby,very_high
full_stack,plan_to,high,high,codes_as_hobby,high
back_end,no,high,high,no_code_as_hobby,very_high
full_stack,no,high,high,codes_as_hobby,medium
full_stack,no,high,high,codes_as_hobby,medium
full_stack,no,high,high,codes_as_hobby,high
full_stack,yes,high,high,codes_as_hobby,low
full_stack,plan_to,high,high,codes_as_hobby,medium
back_end,yes,high,high,codes_as_hobby,high
full_stack,no,high,high,no_code_as_hobby,low
back_end,plan_to,high,high,codes_as_hobby,medium
full_stack,yes,high,high,no_code_as_hobby,very_high
full_stack,plan_to,high,high,codes_as_hobby,low
back_end,yes,high,high,no_code_as_hobby,very_high
full_stack,plan_to,high,high,no_code_as_hobby,very_high
full_stack,plan_to,high,high,codes_as_hobby,high
back_end,yes,high,high,codes_as_hobby,very_high
full_stack,yes,high,high,codes_as_hobby,very_high
back_end,plan_to,high,high,codes_as_hobby,very_high
full_stack,no,high,high,codes_as_hobby,high
full_stack,no,high,high,no_code_as_hobby,high
applications,no,high,high,no_code_as_hobby,very_high
back_end,no,high,high,codes_as_hobby,low
full_stack,plan_to,high,high,no_code_as_hobby,low
full_stack,yes,high,high,codes_as_hobby,high
back_end,plan_to,high,high,codes_as_hobby,very_high
full_stack,no,high,high,no_code_as_hobby,very_high
mobile,plan_to,high,high,no_code_as_hobby,high
full_stack,plan_to,high,high,codes_as_hobby,very_high
back_end,yes,high,high,codes_as_hobby,medium
mobile,no,high,high,no_code_as_hobby,medium
full_stack,plan_to,high,high,codes_as_hobby,medium
embedded,no,high,high,no_code_as_hobby,medium
full_stack,no,high,high,codes_as_hobby,medium
back_end,yes,high,high,codes_as_hobby,high
full_stack,yes,high,high,no_code_as_hobby,very_high
front_end,no,high,high,no_code_as_hobby,high
full_stack,yes,high,high,codes_as_hobby,high
full_stack,no,high,high,codes_as_hobby,very_high
full_stack,plan_to,high,high,no_code_as_hobby,high
back_end,no,high,high,codes_as_hobby,medium
back_end,plan_to,high,high,no_code_as_hobby,very_high
full_stack,plan_to,high,high,codes_as_hobby,low
full_stack,plan_to,high,high,codes_as_hobby,high
full_stack,yes,high,high,codes_as_hobby,high
back_end,yes,high,high,no_code_as_hobby,medium
full_stack,plan_to,high,high,codes_as_hobby,very_high
back_end,no,high,high,codes_as_hobby,medium
applications,no,high,high,no_code_as_hobby,low
back_end,no,high,high,codes_as_hobby,very_high
back_end,no,high,high,codes_as_hobby,very_high
back_end,no,high,high,codes_as_hobby,very_high
full_stack,no,high,high,codes_as_hobby,medium
applications,no,high,high,no_code_as_hobby,very_high
embedded,no,high,high,codes_as_hobby,high
back_end,yes,high,high,no_code_as_hobby,medium
applications,plan_to,high,high,codes_as_hobby,medium
back_end,no,high,high,codes_as_hobby,medium
back_end,yes,high,high,codes_as_hobby,very_high
back_end,yes,high,high,codes_as_hobby,very_high
full_stack,no,high,high,codes_as_hobby,low
applications,yes,high,high,codes_as_hobby,low
full_stack,no,high,high,no_code_as_hobby,high
full_stack,no,high,high,no_code_as_hobby,medium
back_end,yes,high,high,codes_as_hobby,high
full_stack,no,high,high,codes_as_hobby,high
mobile,yes,high,high,codes_as_hobby,high
back_end,plan_to,high,high,codes_as_hobby,very_high
full_stack,plan_to,high,high,codes_as_hobby,high
back_end,no,high,high,codes_as_hobby,high
applications,plan_to,high,high,codes_as_hobby,very_high
full_stack,no,high,high,codes_as_hobby,very_high
full_stack,plan_to,high,high,codes_as_hobby,very_high
full_stack,yes,high,high,codes_as_hobby,medium
full_stack,plan_to,high,high,no_code_as_hobby,very_high
full_stack,no,high,high,codes_as_hobby,medium
full_stack,no,high,high,no_code_as_hobby,medium
applications,yes,high,high,no_code_as_hobby,medium
front_end,yes,high,high,codes_as_hobby,low
full_stack,plan_to,high,high,codes_as_hobby,very_high
applications,plan_to,high,high,codes_as_hobby,very_high
back_end,yes,high,high,codes_as_hobby,very_high
qa,no,high,high,no_code_as_hobby,high
back_end,no,high,high,no_code_as_hobby,very_high
back_end,yes,high,high,codes_as_hobby,very_high
applications,yes,high,high,codes_as_hobby,very_high
full_stack,plan_to,high,high,no_code_as_hobby,high
full_stack,plan_to,high,high,no_code_as_hobby,very_high
applications,no,high,high,codes_as_hobby,very_high
mobile,no,high,high,codes_as_hobby,very_high
full_stack,no,high,high,no_code_as_hobby,low
full_stack,yes,high,high,codes_as_hobby,medium
embedded,yes,high,high,codes_as_hobby,medium
mobile,no,high,high,codes_as_hobby,high
full_stack,no,high,high,no_code_as_hobby,high
full_stack,no,high,high,no_code_as_hobby,very_high
full_stack,plan_to,high,high,codes_as_hobby,medium
full_stack,yes,high,high,codes_as_hobby,very_high
back_end,no,high,high,codes_as_hobby,high
full_stack,no,high,high,no_code_as_hobby,medium
full_stack,yes,high,high,codes_as_hobby,medium
embedded,no,high,high,codes_as_hobby,medium
front_end,plan_to,high,high,codes_as_hobby,medium
back_end,plan_to,high,high,no_code_as_hobby,high
game_graphics,no,high,high,codes_as_hobby,very_high
front_end,yes,high,high,codes_as_hobby,low
full_stack,yes,high,high,codes_as_hobby,medium
full_stack,yes,high,high,no_code_as_hobby,very_high
back_end,plan_to,high,high,codes_as_hobby,low
back_end,yes,high,high,codes_as_hobby,very_high
applications,plan_to,high,high,codes_as_hobby,low
applications,plan_to,high,high,no_code_as_hobby,high
full_stack,plan_to,high,high,codes_as_hobby,very_high
back_end,no,high,high,codes_as_hobby,very_high
back_end,no,high,high,codes_as_hobby,very_high
mobile,no,high,high,codes_as_hobby,medium
applications,no,high,high,no_code_as_hobby,medium
full_stack,no,high,high,no_code_as_hobby,medium
full_stack,no,high,high,codes_as_hobby,low
back_end,yes,high,high,codes_as_hobby,high
full_stack,yes,high,high,codes_as_hobby,medium
advocate,yes,high,high,codes_as_hobby,very_high
back_end,no,high,high,no_code_as_hobby,low
back_end,yes,high,high,codes_as_hobby,low
full_stack,no,high,high,codes_as_hobby,medium
back_end,no,high,high,no_code_as_hobby,very_high
back_end,no,high,high,codes_as_hobby,high
full_stack,plan_to,high,high,codes_as_hobby,high
full_stack,yes,high,high,codes_as_hobby,very_high
applications,no,high,high,codes_as_hobby,medium
back_end,yes,high,high,no_code_as_hobby,very_high
back_end,plan_to,high,high,no_code_as_hobby,high
front_end,plan_to,high,high,no_code_as_hobby,very_high
full_stack,yes,high,high,codes_as_hobby,very_high
full_stack,no,high,high,codes_as_hobby,medium
full_stack,yes,high,high,no_code_as_hobby,very_high
back_end,no,high,high,codes_as_hobby,low
experience,no,high,high,codes_as_hobby,very_high
experience,no,high,high,codes_as_hobby,very_high
back_end,plan_to,high,high,no_code_as_hobby,medium
full_stack,no,high,high,codes_as_hobby,medium
back_end,no,high,high,codes_as_hobby,high
embedded,yes,high,high,codes_as_hobby,medium
full_stack,no,high,high,no_code_as_hobby,high
full_stack,plan_to,high,high,codes_as_hobby,medium
back_end,yes,high,high,codes_as_hobby,very_high
back_end,yes,high,high,codes_as_hobby,medium
back_end,plan_to,high,high,no_code_as_hobby,medium
back_end,yes,high,high,no_code_as_hobby,high
back_end,no,high,high,no_code_as_hobby,very_high
full_stack,yes,high,high,codes_as_hobby,very_high
full_stack,plan_to,high,high,codes_as_hobby,high
full_stack,plan_to,high,high,codes_as_hobby,very_high
full_stack,no,high,high,codes_as_hobby,low
back_end,yes,high,high,codes_as_hobby,very_high
full_stack,no,high,high,no_code_as_hobby,low
back_end,yes,high,high,no_code_as_hobby,low
back_end,plan_to,high,high,codes_as_hobby,high
back_end,plan_to,high,high,no_code_as_hobby,very_high
applications,yes,high,high,no_code_as_hobby,low
full_stack,no,high,high,no_code_as_hobby,low
back_end,plan_to,high,high,codes_as_hobby,very_high
full_stack,yes,high,high,codes_as_hobby,very_high
full_stack,no,high,high,codes_as_hobby,low
back_end,yes,high,high,codes_as_hobby,medium
full_stack,plan_to,high,high,codes_as_hobby,high
full_stack,yes,high,high,codes_as_hobby,medium
full_stack,yes,high,high,codes_as_hobby,high
full_stack,no,high,high,codes_as_hobby,high
full_stack,plan_to,high,high,codes_as_hobby,high
back_end,no,high,high,codes_as_hobby,medium
front_end,yes,high,high,codes_as_hobby,low
applications,no,high,high,no_code_as_hobby,very_high
full_stack,yes,high,high,no_code_as_hobby,very_high
full_stack,no,high,high,codes_as_hobby,medium
full_stack,yes,high,high,no_code_as_hobby,medium
full_stack,yes,high,high,codes_as_hobby,high
full_stack,no,high,high,no_code_as_hobby,very_high
back_end,yes,high,high,codes_as_hobby,very_high
mobile,no,high,high,codes_as_hobby,medium
back_end,no,high,high,codes_as_hobby,low
back_end,plan_to,high,high,codes_as_hobby,very_high
full_stack,no,high,high,no_code_as_hobby,high
full_stack,no,high,high,codes_as_hobby,very_high
full_stack,plan_to,high,high,codes_as_hobby,high
back_end,no,high,high,no_code_as_hobby,very_high
full_stack,yes,high,high,codes_as_hobby,medium
experience,no,high,high,codes_as_hobby,high
full_stack,plan_to,high,high,codes_as_hobby,low
mobile,no,high,high,no_code_as_hobby,very_high
back_end,no,high,high,no_code_as_hobby,very_high
full_stack,yes,high,high,no_code_as_hobby,very_high
back_end,no,high,high,codes_as_hobby,low
mobile,no,high,high,no_code_as_hobby,high
full_stack,yes,high,high,codes_as_hobby,high
full_stack,yes,high,high,codes_as_hobby,high
back_end,plan_to,high,high,codes_as_hobby,very_high
back_end,no,high,high,codes_as_hobby,high
full_stack,yes,high,high,no_code_as_hobby,medium
back_end,yes,high,high,codes_as_hobby,very_high
full_stack,yes,high,high,codes_as_hobby,very_high
applications,no,high,high,no_code_as_hobby,high
full_stack,yes,high,high,codes_as_hobby,medium
back_end,no,high,high,codes_as_hobby,medium
mobile,no,high,high,codes_as_hobby,high
experience,no,high,high,codes_as_hobby,medium
full_stack,plan_to,high,high,no_code_as_hobby,medium
back_end,yes,high,high,no_code_as_hobby,very_high
embedded,no,high,high,codes_as_hobby,high
back_end,no,high,high,codes_as_hobby,high
full_stack,plan_to,high,high,no_code_as_hobby,low
full_stack,no,high,high,no_code_as_hobby,high
back_end,no,high,high,no_code_as_hobby,medium
front_end,no,high,high,no_code_as_hobby,medium
back_end,no,high,high,codes_as_hobby,high
full_stack,plan_to,high,high,no_code_as_hobby,high
full_stack,no,high,high,codes_as_hobby,medium
back_end,no,high,high,no_code_as_hobby,medium
full_stack,plan_to,high,high,codes_as_hobby,very_high
full_stack,no,high,high,no_code_as_hobby,high
full_stack,yes,high,high,no_code_as_hobby,very_high
back_end,no,high,high,no_code_as_hobby,high
full_stack,plan_to,high,high,codes_as_hobby,low
full_stack,yes,high,high,no_code_as_hobby,low
back_end,yes,high,high,no_code_as_hobby,very_high
full_stack,no,high,high,codes_as_hobby,low
full_stack,plan_to,high,high,codes_as_hobby,high
full_stack,no,high,high,codes_as_hobby,high
full_stack,yes,high,high,codes_as_hobby,very_high
front_end,plan_to,high,high,codes_as_hobby,very_high
back_end,yes,high,high,no_code_as_hobby,high
full_stack,plan_to,high,high,codes_as_hobby,medium
full_stack,no,high,high,codes_as_hobby,medium
full_stack,plan_to,high,high,codes_as_hobby,high
applications,no,high,high,no_code_as_hobby,medium
full_stack,no,high,high,no_code_as_hobby,low
applications,yes,high,high,codes_as_hobby,high
full_stack,yes,high,high,codes_as_hobby,medium
back_end,plan_to,high,high,codes_as_hobby,high
full_stack,yes,high,high,codes_as_hobby,medium
full_stack,yes,high,high,no_code_as_hobby,low
full_stack,no,high,high,codes_as_hobby,very_high
full_stack,yes,high,high,codes_as_hobby,high
front_end,no,high,high,no_code_as_hobby,high
full_stack,no,high,high,codes_as_hobby,medium
full_stack,plan_to,high,high,codes_as_hobby,high
front_end,plan_to,high,high,codes_as_hobby,medium
back_end,no,high,high,codes_as_hobby,medium
back_end,plan_to,high,high,no_code_as_hobby,very_high
full_stack,yes,high,high,codes_as_hobby,high
full_stack,no,high,high,codes_as_hobby,medium
full_stack,plan_to,high,high,no_code_as_hobby,medium
back_end,no,high,high,codes_as_hobby,medium
back_end,no,high,high,codes_as_hobby,very_high
full_stack,no,high,high,codes_as_hobby,very_high
back_end,yes,high,high,codes_as_hobby,very_high
advocate,yes,high,high,codes_as_hobby,very_high
applications,yes,high,high,codes_as_hobby,high
full_stack,no,high,high,codes_as_hobby,medium
full_stack,no,high,high,no_code_as_hobby,low
embedded,plan_to,high,high,codes_as_hobby,low
full_stack,no,high,high,codes_as_hobby,low
back_end,yes,high,high,codes_as_hobby,low
back_end,plan_to,high,high,codes_as_hobby,medium
applications,plan_to,high,high,codes_as_hobby,low
mobile,no,high,high,codes_as_hobby,very_high
back_end,plan_to,high,high,codes_as_hobby,very_high
full_stack,plan_to,high,high,codes_as_hobby,medium
full_stack,plan_to,high,high,no_code_as_hobby,very_high
back_end,no,high,high,codes_as_hobby,very_high
full_stack,plan_to,high,high,no_code_as_hobby,very_high
game_graphics,no,high,high,codes_as_hobby,very_high
back_end,no,high,high,no_code_as_hobby,very_high
full_stack,yes,high,high,codes_as_hobby,very_high
back_end,yes,high,high,no_code_as_hobby,very_high
full_stack,no,high,high,codes_as_hobby,very_high
back_end,plan_to,high,high,codes_as_hobby,medium
full_stack,yes,high,high,no_code_as_hobby,low
back_end,no,high,high,codes_as_hobby,very_high
front_end,plan_to,high,high,no_code_as_hobby,low
full_stack,plan_to,high,high,codes_as_hobby,low
applications,plan_to,high,high,codes_as_hobby,medium
back_end,no,high,high,codes_as_hobby,high
full_stack,yes,high,high,codes_as_hobby,high
back_end,no,high,high,no_code_as_hobby,high
full_stack,yes,high,high,codes_as_hobby,high
full_stack,no,high,high,codes_as_hobby,high
full_stack,no,high,high,codes_as_hobby,medium
back_end,plan_to,high,high,no_code_as_hobby,high
mobile,no,high,high,codes_as_hobby,medium
full_stack,yes,high,high,codes_as_hobby,low
full_stack,no,high,high,codes_as_hobby,medium
full_stack,plan_to,high,high,no_code_as_hobby,medium
back_end,no,high,high,codes_as_hobby,medium
back_end,no,high,high,no_code_as_hobby,high
qa,yes,high,high,codes_as_hobby,high
embedded,plan_to,high,high,no_code_as_hobby,medium
full_stack,yes,high,high,no_code_as_hobby,very_high
front_end,yes,high,high,codes_as_hobby,medium
embedded,no,high,high,codes_as_hobby,medium
full_stack,yes,high,high,codes_as_hobby,very_high
mobile,plan_to,high,high,codes_as_hobby,medium
back_end,plan_to,high,high,codes_as_hobby,very_high
back_end,yes,high,high,codes_as_hobby,high
full_stack,no,high,high,codes_as_hobby,medium
mobile,yes,high,high,codes_as_hobby,high
back_end,no,high,high,no_code_as_hobby,medium
embedded,yes,high,high,codes_as_hobby,high
back_end,yes,high,high,codes_as_hobby,very_high
full_stack,yes,high,high,codes_as_hobby,high
back_end,no,high,high,codes_as_hobby,very_high
applications,yes,high,high,codes_as_hobby,high
qa,no,high,high,codes_as_hobby,high
embedded,plan_to,high,high,codes_as_hobby,medium
back_end,no,high,high,no_code_as_hobby,very_high
full_stack,no,high,high,codes_as_hobby,medium
full_stack,no,high,high,codes_as_hobby,high
back_end,no,high,high,codes_as_hobby,medium
experience,yes,high,high,codes_as_hobby,medium
full_stack,no,high,high,codes_as_hobby,very_high
mobile,no,high,high,no_code_as_hobby,medium
applications,no,high,high,no_code_as_hobby,high
back_end,plan_to,high,high,codes_as_hobby,low
full_stack,yes,high,high,codes_as_hobby,high
full_stack,no,high,high,no_code_as_hobby,high
applications,no,high,high,codes_as_hobby,low
back_end,no,high,high,codes_as_hobby,high
back_end,no,high,high,codes_as_hobby,low
full_stack,no,high,high,codes_as_hobby,very_high
back_end,yes,high,high,codes_as_hobby,high
full_stack,no,high,high,no_code_as_hobby,high
full_stack,yes,high,high,no_code_as_hobby,low
qa,no,high,high,codes_as_hobby,medium
back_end,yes,high,high,codes_as_hobby,medium
full_stack,no,high,high,no_code_as_hobby,low
full_stack,no,high,high,codes_as_hobby,high
qa,yes,high,high,no_code_as_hobby,very_high
back_end,plan_to,high,high,codes_as_hobby,very_high
full_stack,yes,high,high,codes_as_hobby,very_high
full_stack,yes,high,high,no_code_as_hobby,high
full_stack,yes,high,high,codes_as_hobby,low
full_stack,plan_to,high,high,no_code_as_hobby,very_high
full_stack,no,high,high,codes_as_hobby,low
full_stack,no,high,high,codes_as_hobby,high
back_end,no,high,high,codes_as_hobby,very_high
full_stack,plan_to,high,high,codes_as_hobby,high
full_stack,no,high,high,codes_as_hobby,low
front_end,no,high,high,codes_as_hobby,very_high
back_end,yes,high,high,codes_as_hobby,very_high
full_stack,yes,high,high,codes_as_hobby,very_high
applications,yes,high,high,no_code_as_hobby,low
back_end,yes,high,high,codes_as_hobby,very_high
full_stack,yes,high,high,codes_as_hobby,low
back_end,plan_to,high,high,no_code_as_hobby,very_high
applications,no,high,high,codes_as_hobby,low
full_stack,plan_to,high,high,codes_as_hobby,medium
front_end,yes,high,high,codes_as_hobby,medium
back_end,no,high,high,codes_as_hobby,very_high
applications,no,high,high,codes_as_hobby,medium
full_stack,yes,high,high,codes_as_hobby,medium
full_stack,yes,high,high,no_code_as_hobby,low
game_graphics,yes,high,high,codes_as_hobby,medium
embedded,no,high,high,codes_as_hobby,very_high
back_end,plan_to,high,high,codes_as_hobby,high
full_stack,plan_to,high,high,no_code_as_hobby,low
full_stack,plan_to,high,high,no_code_as_hobby,high
full_stack,yes,high,high,codes_as_hobby,very_high
full_stack,yes,high,high,codes_as_hobby,medium
front_end,no,high,high,codes_as_hobby,low
full_stack,yes,high,high,codes_as_hobby,medium
full_stack,yes,high,high,codes_as_hobby,very_high
full_stack,plan_to,high,high,codes_as_hobby,low
back_end,no,high,high,codes_as_hobby,medium
back_end,no,high,high,codes_as_hobby,very_high
back_end,no,high,high,no_code_as_hobby,very_high
full_stack,no,high,high,no_code_as_hobby,low
full_stack,yes,high,high,codes_as_hobby,very_high
front_end,plan_to,high,high,codes_as_hobby,very_high
embedded,no,high,high,codes_as_hobby,high
embedded,yes,high,high,codes_as_hobby,low
embedded,no,high,high,codes_as_hobby,very_high
front_end,yes,high,high,no_code_as_hobby,very_high
back_end,no,high,high,codes_as_hobby,medium
full_stack,yes,high,high,codes_as_hobby,very_high
front_end,yes,high,high,no_code_as_hobby,high
applications,plan_to,high,high,codes_as_hobby,medium
full_stack,yes,high,high,codes_as_hobby,very_high
full_stack,no,high,high,no_code_as_hobby,low
back_end,no,high,high,no_code_as_hobby,very_high
mobile,yes,high,high,codes_as_hobby,low
back_end,no,high,high,codes_as_hobby,medium
back_end,yes,high,high,codes_as_hobby,high
back_end,no,high,high,codes_as_hobby,medium
back_end,plan_to,high,high,codes_as_hobby,very_high
applications,yes,high,high,codes_as_hobby,medium
back_end,plan_to,high,high,codes_as_hobby,very_high
full_stack,no,high,high,no_code_as_hobby,high
full_stack,yes,high,high,codes_as_hobby,low
full_stack,no,high,high,no_code_as_hobby,high
back_end,plan_to,high,high,codes_as_hobby,very_high
mobile,yes,high,high,codes_as_hobby,medium
full_stack,plan_to,high,high,codes_as_hobby,medium
embedded,plan_to,high,high,codes_as_hobby,very_high
full_stack,plan_to,high,high,codes_as_hobby,high
full_stack,plan_to,high,high,no_code_as_hobby,very_high
applications,no,high,high,no_code_as_hobby,very_high
full_stack,plan_to,high,high,codes_as_hobby,very_high
back_end,plan_to,high,high,codes_as_hobby,very_high
full_stack,no,high,high,codes_as_hobby,low
applications,plan_to,high,high,no_code_as_hobby,high
back_end,plan_to,high,high,codes_as_hobby,high
back_end,no,high,high,no_code_as_hobby,very_high
applications,plan_to,high,high,no_code_as_hobby,high
applications,yes,high,high,codes_as_hobby,very_high
full_stack,yes,high,high,no_code_as_hobby,very_high
front_end,yes,high,high,codes_as_hobby,very_high
full_stack,yes,high,high,codes_as_hobby,high
full_stack,no,high,high,no_code_as_hobby,high
back_end,yes,high,high,codes_as_hobby,very_high
back_end,yes,high,high,codes_as_hobby,high
full_stack,no,high,high,codes_as_hobby,very_high
front_end,yes,high,high,codes_as_hobby,medium
qa,no,high,high,codes_as_hobby,low
full_stack,plan_to,high,high,codes_as_hobby,medium
full_stack,yes,high,high,codes_as_hobby,low
back_end,no,high,high,codes_as_hobby,very_high
applications,no,high,high,codes_as_hobby,low
full_stack,yes,high,high,codes_as_hobby,medium
front_end,no,high,high,no_code_as_hobby,high
front_end,yes,high,high,codes_as_hobby,high
applications,yes,high,high,codes_as_hobby,very_high
applications,no,high,high,no_code_as_hobby,very_high
mobile,plan_to,high,high,no_code_as_hobby,high
full_stack,plan_to,high,high,no_code_as_hobby,medium
back_end,yes,high,high,codes_as_hobby,very_high
full_stack,yes,high,high,codes_as_hobby,very_high
full_stack,plan_to,high,high,no_code_as_hobby,high
back_end,no,high,high,codes_as_hobby,very_high
full_stack,plan_to,high,high,codes_as_hobby,low
back_end,no,high,high,codes_as_hobby,very_high
full_stack,plan_to,high,high,codes_as_hobby,high
full_stack,no,high,high,codes_as_hobby,high
back_end,no,high,high,no_code_as_hobby,very_high
back_end,no,high,high,codes_as_hobby,very_high
back_end,yes,high,high,codes_as_hobby,very_high
full_stack,plan_to,high,high,codes_as_hobby,low
full_stack,yes,high,high,codes_as_hobby,very_high
full_stack,plan_to,high,high,codes_as_hobby,medium
qa,plan_to,high,high,codes_as_hobby,medium
full_stack,yes,high,high,codes_as_hobby,very_high
applications,no,high,high,no_code_as_hobby,medium
embedded,no,high,high,codes_as_hobby,very_high
full_stack,plan_to,high,high,no_code_as_hobby,very_high
back_end,plan_to,high,high,no_code_as_hobby,medium
full_stack,yes,high,high,codes_as_hobby,medium
back_end,yes,high,high,codes_as_hobby,very_high
embedded,no,high,high,codes_as_hobby,medium
back_end,plan_to,high,high,codes_as_hobby,very_high
back_end,yes,high,high,codes_as_hobby,high
full_stack,yes,high,high,no_code_as_hobby,high
full_stack,yes,high,high,codes_as_hobby,medium
embedded,yes,high,high,no_code_as_hobby,very_high
back_end,plan_to,high,high,no_code_as_hobby,medium
full_stack,plan_to,high,high,codes_as_hobby,high
full_stack,no,high,high,no_code_as_hobby,very_high
back_end,no,high,high,no_code_as_hobby,very_high
full_stack,no,high,high,no_code_as_hobby,medium
full_stack,plan_to,high,high,codes_as_hobby,very_high
back_end,plan_to,high,high,codes_as_hobby,medium
back_end,no,high,high,codes_as_hobby,very_high
mobile,plan_to,high,high,codes_as_hobby,very_high
full_stack,yes,high,high,codes_as_hobby,medium
back_end,yes,high,high,codes_as_hobby,very_high
back_end,no,high,high,codes_as_hobby,low
full_stack,yes,high,high,codes_as_hobby,medium
front_end,yes,high,high,codes_as_hobby,medium
back_end,no,high,high,codes_as_hobby,very_high
back_end,plan_to,high,high,codes_as_hobby,medium
mobile,yes,high,high,no_code_as_hobby,very_high
mobile,yes,high,high,codes_as_hobby,very_high
front_end,yes,high,high,codes_as_hobby,high
full_stack,plan_to,high,high,codes_as_hobby,high
experience,plan_to,high,high,codes_as_hobby,very_high
full_stack,yes,high,high,codes_as_hobby,low
full_stack,no,high,high,codes_as_hobby,high
full_stack,yes,high,high,codes_as_hobby,low
applications,yes,high,high,no_code_as_hobby,medium
full_stack,no,high,high,codes_as_hobby,low
full_stack,yes,high,high,codes_as_hobby,very_high
full_stack,yes,high,high,codes_as_hobby,very_high
full_stack,plan_to,high,high,no_code_as_hobby,medium
qa,yes,high,high,codes_as_hobby,very_high
full_stack,plan_to,high,high,no_code_as_hobby,very_high
back_end,no,high,high,no_code_as_hobby,medium
full_stack,no,high,high,codes_as_hobby,medium
full_stack,no,high,high,codes_as_hobby,medium
full_stack,plan_to,high,high,no_code_as_hobby,high
back_end,no,high,high,codes_as_hobby,very_high
front_end,no,high,high,codes_as_hobby,very_high
